Workbook
Name AI_BIOMASS_STRATUM: AI_BIOMASS_STRATUM!$A$1:$I$55459
Name AI_BIOMASS_TOTAL: AI_BIOMASS_TOTAL!$A$1:$H$473

Sheet Readme
A2: Biomass is in metric tons
A3: Plots should focus on ESR groups, aggregated by ESR guild
A4: for questions please contact Ivonne.Ortiz@noaa.gov

Sheet AI_BIOMASS_TOTAL
A1: SURVEY | B1: YEAR | C1: SPECIES_CODE | D1: NAME | E1: TOTAL_BIOMASS | F1: BIOMASS_VAR | G1: MIN_BIOMASS | H1: MAX_BIOMASS | I1: ESR_GROUP | J1: ESR_GUILD
A2: AI | B2: 1991 | C2: 471 | D2: Alaska skate | E2: 1624.2 | F2: 661581.15 | G2: 0 | H2: 3548 | I2: AK Skate | J2: Apex predator
A3: AI | B3: 1994 | C3: 471 | D3: Alaska skate | E3: 7133.2 | F3: 2053659.4 | G3: 4181 | H3: 10085 | I3: AK Skate | J3: Apex predator
A4: AI | B4: 1997 | C4: 471 | D4: Alaska skate | E4: 7862.2 | F4: 1715258.8 | G4: 5188 | H4: 10537 | I4: AK Skate | J4: Apex predator
A5: AI | B5: 2000 | C5: 471 | D5: Alaska skate | E5: 9801.1 | F5: 2091081.3 | G5: 6802 | H5: 12800 | I5: AK Skate | J5: Apex predator
A6: AI | B6: 2002 | C6: 471 | D6: Alaska skate | E6: 10738.6 | F6: 4437563.4 | G6: 6481 | H6: 14996 | I6: AK Skate | J6: Apex predator
A7: AI | B7: 2004 | C7: 471 | D7: Alaska skate | E7: 12922.5 | F7: 8081618 | G7: 6950 | H7: 18895 | I7: AK Skate | J7: Apex predator
A8: AI | B8: 2006 | C8: 471 | D8: Alaska skate | E8: 13502.2 | F8: 6551158.1 | G8: 7925 | H8: 19079 | I8: AK Skate | J8: Apex predator
A9: AI | B9: 2010 | C9: 471 | D9: Alaska skate | E9: 3681.2 | F9: 564016.7 | G9: 2148 | H9: 5215 | I9: AK Skate | J9: Apex predator
A10: AI | B10: 2012 | C10: 471 | D10: Alaska skate | E10: 1503.1 | F10: 212348.5 | G10: 318 | H10: 2688 | I10: AK Skate | J10: Apex predator
A11: AI | B11: 2014 | C11: 471 | D11: Alaska skate | E11: 3514.9 | F11: 1941306.3 | G11: 0 | H11: 7097 | I11: AK Skate | J11: Apex predator
A12: AI | B12: 2016 | C12: 471 | D12: Alaska skate | E12: 1807.7 | F12: 679361.58 | G12: 0 | H12: 5354 | I12: AK Skate | J12: Apex predator
A13: AI | B13: 2018 | C13: 471 | D13: Alaska skate | E13: 2720.4 | F13: 309144.82 | G13: 951 | H13: 4490 | I13: AK Skate | J13: Apex predator
... A393: AI | B393: 2024 | C393: 21740 | D393: walleye pollock | E393: 196439.9 | F393: 4.8093819e+09 | G393: 36519 | H393: 356360 | I393: Walleye Pollock | J393: Pelagic forager

Sheet AI_BIOMASS_STRATUM
A1: SURVEY | B1: YEAR | C1: STRATUM | D1: SPECIES_CODE | E1: NAME | F1: STRATUM_BIOMASS | G1: BIOMASS_VAR | H1: MIN_BIOMASS | I1: MAX_BIOMASS | J1: Subregion | K1: ESR_GROUP | L1: ESR_GUILD
A2: AI | B2: 2024 | C2: 412 | D2: 471 | E2: AK Skate | F2: 7.7 | G2: 59.572501 | H2: 0 | I2: 24.5 | J2: =VLOOKUP(C2,STRATA_MASTER!$B$2:$C$53,2,FALSE) -> CentralALU | K2: AK Skate | L2: Apex predator
A3: AI | B3: 2024 | C3: 413 | D3: 471 | E3: AK Skate | F3: 0 | G3: 0 | H3: 0 | I3: 0 | J3: =VLOOKUP(C3,STRATA_MASTER!$B$2:$C$53,2,FALSE) -> CentralALU | K3: AK Skate | L3: Apex predator
A4: AI | B4: 2024 | C4: 211 | D4: 471 | E4: AK Skate | F4: 322.5 | G4: 62109.192 | H4: 0 | I4: 932.3 | J4: =VLOOKUP(C4,STRATA_MASTER!$B$2:$C$53,2,FALSE) -> WestALU | K4: AK Skate | L4: Apex predator
A5: AI | B5: 2024 | C5: 212 | D5: 471 | E5: AK Skate | F5: 11.1 | G5: 123.7801 | H5: 0 | I5: 33.8 | J5: =VLOOKUP(C5,STRATA_MASTER!$B$2:$C$53,2,FALSE) -> WestALU | K5: AK Skate | L5: Apex predator
A6: AI | B6: 2024 | C6: 213 | D6: 471 | E6: AK Skate | F6: 0 | G6: 0 | H6: 0 | I6: 0 | J6: =VLOOKUP(C6,STRATA_MASTER!$B$2:$C$53,2,FALSE) -> WestALU | K6: AK Skate | L6: Apex predator
A7: AI | B7: 2024 | C7: 214 | D7: 471 | E7: AK Skate | F7: 0 | G7: 0 | H7: 0 | I7: 0 | J7: =VLOOKUP(C7,STRATA_MASTER!$B$2:$C$53,2,FALSE) -> WestALU | K7: AK Skate | L7: Apex predator
A8: AI | B8: 2024 | C8: 221 | D8: 471 | E8: AK Skate | F8: 165.1 | G8: 10924.377 | H8: 0 | I8: 433.8 | J8: =VLOOKUP(C8,STRATA_MASTER!$B$2:$C$53,2,FALSE) -> WestALU | K8: AK Skate | L8: Apex predator
A9: AI | B9: 2024 | C9: 222 | D9: 471 | E9: AK Skate | F9: 0.7 | G9: 0.51197621 | H9: 0 | I9: 2.3 | J9: =VLOOKUP(C9,STRATA_MASTER!$B$2:$C$53,2,FALSE) -> WestALU | K9: AK Skate | L9: Apex predator
A10: AI | B10: 2024 | C10: 223 | D10: 471 | E10: AK Skate | F10: 63.3 | G10: 4004.3046 | H10: 0 | I10: 218.1 | J10: =VLOOKUP(C10,STRATA_MASTER!$B$2:$C$53,2,FALSE) -> WestALU | K10: AK Skate | L10: Apex predator
A11: AI | B11: 2024 | C11: 224 | D11: 471 | E11: AK Skate | F11: 0 | G11: 0 | H11: 0 | I11: 0 | J11: =VLOOKUP(C11,STRATA_MASTER!$B$2:$C$53,2,FALSE) -> WestALU | K11: AK Skate | L11: Apex predator
A12: AI | B12: 2024 | C12: 311 | D12: 471 | E12: AK Skate | F12: 112.1 | G12: 12571.329 | H12: 0 | I12: 468.9 | J12: =VLOOKUP(C12,STRATA_MASTER!$B$2:$C$53,2,FALSE) -> CentralALU | K12: AK Skate | L12: Apex predator
A13: AI | B13: 2024 | C13: 312 | D13: 471 | E13: AK Skate | F13: 0 | G13: 0 | H13: 0 | I13: 0 | J13: =VLOOKUP(C13,STRATA_MASTER!$B$2:$C$53,2,FALSE) -> CentralALU | K13: AK Skate | L13: Apex predator
... A588: AI | B588: 1991 | C588: 224 | D588: 471 | E588: AK Skate | F588: 0 | G588: 0 | H588: 0 | I588: 0 | J588: =VLOOKUP(C588,STRATA_MASTER!$B$2:$C$53,2,FALSE) -> WestALU | K588: AK Skate | L588: Apex predator
A589: AI | B589: 1991 | C589: 221 | D589: 471 | E589: AK Skate | F589: 0 | J589: =VLOOKUP(C589,STRATA_MASTER!$B$2:$C$53,2,FALSE) -> WestALU | K589: AK Skate | L589: Apex predator
A590: AI | B590: 1991 | C590: 222 | D590: 471 | E590: AK Skate | F590: 0 | G590: 0 | H590: 0 | I590: 0 | J590: =VLOOKUP(C590,STRATA_MASTER!$B$2:$C$53,2,FALSE) -> WestALU | K590: AK Skate | L590: Apex predator
A591: AI | B591: 1991 | C591: 211 | D591: 471 | E591: AK Skate | F591: 0 | G591: 0 | H591: 0 | I591: 0 | J591: =VLOOKUP(C591,STRATA_MASTER!$B$2:$C$53,2,FALSE) -> WestALU | K591: AK Skate | L591: Apex predator
A592: AI | B592: 1991 | C592: 212 | D592: 471 | E592: AK Skate | F592: 0 | G592: 0 | H592: 0 | I592: 0 | J592: =VLOOKUP(C592,STRATA_MASTER!$B$2:$C$53,2,FALSE) -> WestALU | K592: AK Skate | L592: Apex predator
A593: AI | B593: 1991 | C593: 213 | D593: 471 | E593: AK Skate | F593: 0 | G593: 0 | H593: 0 | I593: 0 | J593: =VLOOKUP(C593,STRATA_MASTER!$B$2:$C$53,2,FALSE) -> WestALU | K593: AK Skate | L593: Apex predator
A594: AI | B594: 1991 | C594: 214 | D594: 471 | E594: AK Skate | F594: 0 | G594: 0 | H594: 0 | I594: 0 | J594: =VLOOKUP(C594,STRATA_MASTER!$B$2:$C$53,2,FALSE) -> WestALU | K594: AK Skate | L594: Apex predator
A595: AI | B595: 1991 | C595: 312 | D595: 471 | E595: AK Skate | F595: 136 | G595: 7802.3389 | H595: 0 | I595: 325.4 | J595: =VLOOKUP(C595,STRATA_MASTER!$B$2:$C$53,2,FALSE) -> CentralALU | K595: AK Skate | L595: Apex predator
A596: AI | B596: 1991 | C596: 421 | D596: 471 | E596: AK Skate | F596: 115.9 | G596: 13423.321 | H596: 0 | I596: 1588 | J596: =VLOOKUP(C596,STRATA_MASTER!$B$2:$C$53,2,FALSE) -> CentralALU | K596: AK Skate | L596: Apex predator
A597: AI | B597: 1991 | C597: 622 | D597: 471 | E597: AK Skate | F597: 16.6 | G597: 274.17702 | H597: 0 | I597: 51.8 | J597: =VLOOKUP(C597,STRATA_MASTER!$B$2:$C$53,2,FALSE) -> EastALU | K597: AK Skate | L597: Apex predator
A598: AI | B598: 1991 | C598: 313 | D598: 471 | E598: AK Skate | F598: 53.8 | G598: 2892.1442 | H598: 0 | I598: 181 | J598: =VLOOKUP(C598,STRATA_MASTER!$B$2:$C$53,2,FALSE) -> CentralALU | K598: AK Skate | L598: Apex predator
A599: AI | B599: 1991 | C599: 623 | D599: 471 | E599: AK Skate | F599: 0 | G599: 0 | H599: 0 | I599: 0 | J599: =VLOOKUP(C599,STRATA_MASTER!$B$2:$C$53,2,FALSE) -> EastALU | K599: AK Skate | L599: Apex predator
A600: AI | B600: 1991 | C600: 314 | D600: 471 | E600: AK Skate | F600: 0 | G600: 0 | H600: 0 | I600: 0 | J600: =VLOOKUP(C600,STRATA_MASTER!$B$2:$C$53,2,FALSE) -> CentralALU | K600: AK Skate | L600: Apex predator
A601: AI | B601: 1991 | C601: 422 | D601: 471 | E601: AK Skate | F601: 0 | G601: 0 | H601: 0 | I601: 0 | J601: =VLOOKUP(C601,STRATA_MASTER!$B$2:$C$53,2,FALSE) -> CentralALU | K601: AK Skate | L601: Apex predator
... A606: AI | B606: 1991 | C606: 712 | D606: 471 | E606: AK Skate | F606: 0 | G606: 0 | H606: 0 | I606: 0 | J606: =VLOOKUP(C606,STRATA_MASTER!$B$2:$C$53,2,FALSE) -> Aleutian Arm | K606: AK Skate | L606: Apex predator
A607: AI | B607: 1991 | C607: 424 | D607: 471 | E607: AK Skate | F607: 0 | J607: =VLOOKUP(C607,STRATA_MASTER!$B$2:$C$53,2,FALSE) -> CentralALU | K607: AK Skate | L607: Apex predator
A608: AI | B608: 1991 | C608: 721 | D608: 471 | E608: AK Skate | F608: 0 | G608: 0 | H608: 0 | I608: 0 | J608: =VLOOKUP(C608,STRATA_MASTER!$B$2:$C$53,2,FALSE) -> Aleutian Arm | K608: AK Skate | L608: Apex predator
A609: AI | B609: 1991 | C609: 511 | D609: 471 | E609: AK Skate | F609: 102.3 | G609: 4657.244 | H609: 0 | I609: 277.8 | J609: =VLOOKUP(C609,STRATA_MASTER!$B$2:$C$53,2,FALSE) -> EastALU | K609: AK Skate | L609: Apex predator
A610: AI | B610: 1991 | C610: 722 | D610: 471 | E610: AK Skate | F610: 0 | G610: 0 | H610: 0 | I610: 0 | J610: =VLOOKUP(C610,STRATA_MASTER!$B$2:$C$53,2,FALSE) -> Aleutian Arm | K610: AK Skate | L610: Apex predator
A611: AI | B611: 1991 | C611: 322 | D611: 471 | E611: AK Skate | F611: 23.5 | G611: 554.41566 | H611: 0 | I611: 77.8 | J611: =VLOOKUP(C611,STRATA_MASTER!$B$2:$C$53,2,FALSE) -> CentralALU | K611: AK Skate | L611: Apex predator
A612: AI | B612: 1991 | C612: 512 | D612: 471 | E612: AK Skate | F612: 42.3 | G612: 361.01208 | H612: 1.9 | I612: 82.8 | J612: =VLOOKUP(C612,STRATA_MASTER!$B$2:$C$53,2,FALSE) -> EastALU | K612: AK Skate | L612: Apex predator
A613: AI | B613: 1991 | C613: 513 | D613: 471 | E613: AK Skate | F613: 0 | J613: =VLOOKUP(C613,STRATA_MASTER!$B$2:$C$53,2,FALSE) -> EastALU | K613: AK Skate | L613: Apex predator
A614: AI | B614: 1991 | C614: 793 | D614: 471 | E614: AK Skate | F614: 0 | G614: 0 | H614: 0 | I614: 0 | J614: =VLOOKUP(C614,STRATA_MASTER!$B$2:$C$53,2,FALSE) -> Aleutian Arm | K614: AK Skate | L614: Apex predator
A615: AI | B615: 1991 | C615: 794 | D615: 471 | E615: AK Skate | F615: 0 | G615: 0 | H615: 0 | I615: 0 | J615: =VLOOKUP(C615,STRATA_MASTER!$B$2:$C$53,2,FALSE) -> Aleutian Arm | K615: AK Skate | L615: Apex predator
A616: AI | B616: 1991 | C616: 521 | D616: 471 | E616: AK Skate | F616: 25.1 | G616: 628.95245 | H616: 0 | I616: 104.9 | J616: =VLOOKUP(C616,STRATA_MASTER!$B$2:$C$53,2,FALSE) -> EastALU | K616: AK Skate | L616: Apex predator
A617: AI | B617: 1991 | C617: 522 | D617: 471 | E617: AK Skate | F617: 15.7 | G617: 245.49587 | H617: 0 | I617: 48.6 | J617: =VLOOKUP(C617,STRATA_MASTER!$B$2:$C$53,2,FALSE) -> EastALU | K617: AK Skate | L617: Apex predator
A618: AI | B618: 1991 | C618: 323 | D618: 471 | E618: AK Skate | F618: 0 | G618: 0 | H618: 0 | I618: 0 | J618: =VLOOKUP(C618,STRATA_MASTER!$B$2:$C$53,2,FALSE) -> CentralALU | K618: AK Skate | L618: Apex predator
A619: AI | B619: 1991 | C619: 523 | D619: 471 | E619: AK Skate | F619: 0 | G619: 0 | H619: 0 | I619: 0 | J619: =VLOOKUP(C619,STRATA_MASTER!$B$2:$C$53,2,FALSE) -> EastALU | K619: AK Skate | L619: Apex predator
A620: AI | B620: 1991 | C620: 324 | D620: 471 | E620: AK Skate | F620: 765.1 | G620: 585346.56 | H620: 0 | I620: 3199.6 | J620: =VLOOKUP(C620,STRATA_MASTER!$B$2:$C$53,2,FALSE) -> CentralALU | K620: AK Skate | L620: Apex predator
A621: AI | B621: 1991 | C621: 594 | D621: 471 | E621: AK Skate | F621: 89.5 | G621: 8018.8838 | H621: 0 | I621: 283 | J621: =VLOOKUP(C621,STRATA_MASTER!$B$2:$C$53,2,FALSE) -> EastALU | K621: AK Skate | L621: Apex predator
A622: AI | B622: 1991 | C622: 611 | D622: 471 | E622: AK Skate | F622: 186.1 | G622: 34642.53 | H622: 0 | I622: 2551 | J622: =VLOOKUP(C622,STRATA_MASTER!$B$2:$C$53,2,FALSE) -> EastALU | K622: AK Skate | L622: Apex predator
A623: AI | B623: 1991 | C623: 411 | D623: 471 | E623: AK Skate | F623: 0 | J623: =VLOOKUP(C623,STRATA_MASTER!$B$2:$C$53,2,FALSE) -> CentralALU | K623: AK Skate | L623: Apex predator
A624: AI | B624: 1991 | C624: 612 | D624: 471 | E624: AK Skate | F624: 0 | G624: 0 | H624: 0 | I624: 0 | J624: =VLOOKUP(C624,STRATA_MASTER!$B$2:$C$53,2,FALSE) -> EastALU | K624: AK Skate | L624: Apex predator
A625: AI | B625: 1991 | C625: 412 | D625: 471 | E625: AK Skate | F625: 0 | G625: 0 | H625: 0 | I625: 0 | J625: =VLOOKUP(C625,STRATA_MASTER!$B$2:$C$53,2,FALSE) -> CentralALU | K625: AK Skate | L625: Apex predator
A626: AI | B626: 1991 | C626: 613 | D626: 471 | E626: AK Skate | F626: 0 | G626: 0 | H626: 0 | I626: 0 | J626: =VLOOKUP(C626,STRATA_MASTER!$B$2:$C$53,2,FALSE) -> EastALU | K626: AK Skate | L626: Apex predator
A627: AI | B627: 1991 | C627: 311 | D627: 471 | E627: AK Skate | F627: 52.3 | G627: 2734.0753 | H627: 0 | I627: 197.4 | J627: =VLOOKUP(C627,STRATA_MASTER!$B$2:$C$53,2,FALSE) -> CentralALU | K627: AK Skate | L627: Apex predator
A628: AI | B628: 1991 | C628: 413 | D628: 471 | E628: AK Skate | F628: 0 | J628: =VLOOKUP(C628,STRATA_MASTER!$B$2:$C$53,2,FALSE) -> CentralALU | K628: AK Skate | L628: Apex predator
A629: AI | B629: 1991 | C629: 614 | D629: 471 | E629: AK Skate | F629: 0 | G629: 0 | H629: 0 | I629: 0 | J629: =VLOOKUP(C629,STRATA_MASTER!$B$2:$C$53,2,FALSE) -> EastALU | K629: AK Skate | L629: Apex predator
A630: AI | B630: 1991 | C630: 621 | D630: 471 | E630: AK Skate | F630: 0 | G630: 0 | H630: 0 | I630: 0 | J630: =VLOOKUP(C630,STRATA_MASTER!$B$2:$C$53,2,FALSE) -> EastALU | K630: AK Skate | L630: Apex predator
A631: AI | B631: 1991 | C631: 414 | D631: 471 | E631: AK Skate | F631: 0 | J631: =VLOOKUP(C631,STRATA_MASTER!$B$2:$C$53,2,FALSE) -> CentralALU | K631: AK Skate | L631: Apex predator
A632: AI | B632: 2024 | C632: 412 | D632: 10110 | E632: Arrowtooth flounder | F632: 443.7 | G632: 37858.716 | H632: 19.7 | I632: 867.7 | J632: =VLOOKUP(C632,STRATA_MASTER!$B$2:$C$53,2,FALSE) -> CentralALU | K632: Arrowtooth flounder | L632: Apex predator
A633: AI | B633: 2024 | C633: 413 | D633: 10110 | E633: Arrowtooth flounder | F633: 8 | G633: 28.05707 | H633: 0 | I633: 24.9 | J633: =VLOOKUP(C633,STRATA_MASTER!$B$2:$C$53,2,FALSE) -> CentralALU | K633: Arrowtooth flounder | L633: Apex predator
A634: AI | B634: 2024 | C634: 211 | D634: 10110 | E634: Arrowtooth flounder | F634: 1484.9 | G634: 182368.38 | H634: 440 | I634: 2529.9 | J634: =VLOOKUP(C634,STRATA_MASTER!$B$2:$C$53,2,FALSE) -> WestALU | K634: Arrowtooth flounder | L634: Apex predator
A635: AI | B635: 2024 | C635: 212 | D635: 10110 | E635: Arrowtooth flounder | F635: 1607.1 | G635: 64738.648 | H635: 1087.5 | I635: 2126.6 | J635: =VLOOKUP(C635,STRATA_MASTER!$B$2:$C$53,2,FALSE) -> WestALU | K635: Arrowtooth flounder | L635: Apex predator
A636: AI | B636: 2024 | C636: 213 | D636: 10110 | E636: Arrowtooth flounder | F636: 118.2 | G636: 2075.3572 | H636: 16.7 | I636: 219.7 | J636: =VLOOKUP(C636,STRATA_MASTER!$B$2:$C$53,2,FALSE) -> WestALU | K636: Arrowtooth flounder | L636: Apex predator
A637: AI | B637: 2024 | C637: 214 | D637: 10110 | E637: Arrowtooth flounder | F637: 120.4 | G637: 5133.0961 | H637: 0 | I637: 295.7 | J637: =VLOOKUP(C637,STRATA_MASTER!$B$2:$C$53,2,FALSE) -> WestALU | K637: Arrowtooth flounder | L637: Apex predator
A638: AI | B638: 2024 | C638: 221 | D638: 10110 | E638: Arrowtooth flounder | F638: 543.9 | G638: 166140.4 | H638: 0 | I638: 1591.9 | J638: =VLOOKUP(C638,STRATA_MASTER!$B$2:$C$53,2,FALSE) -> WestALU | K638: Arrowtooth flounder | L638: Apex predator
A639: AI | B639: 2024 | C639: 222 | D639: 10110 | E639: Arrowtooth flounder | F639: 262.7 | G639: 9822.5834 | H639: 38.5 | I639: 486.9 | J639: =VLOOKUP(C639,STRATA_MASTER!$B$2:$C$53,2,FALSE) -> WestALU | K639: Arrowtooth flounder | L639: Apex predator
A640: AI | B640: 2024 | C640: 223 | D640: 10110 | E640: Arrowtooth flounder | F640: 124.4 | G640: 4392.7275 | H640: 0 | I640: 286.5 | J640: =VLOOKUP(C640,STRATA_MASTER!$B$2:$C$53,2,FALSE) -> WestALU | K640: Arrowtooth flounder | L640: Apex predator
A641: AI | B641: 2024 | C641: 224 | D641: 10110 | E641: Arrowtooth flounder | F641: 65.4 | G641: 4272.8692 | H641: 0 | I641: 346.6 | J641: =VLOOKUP(C641,STRATA_MASTER!$B$2:$C$53,2,FALSE) -> WestALU | K641: Arrowtooth flounder | L641: Apex predator
A642: AI | B642: 2024 | C642: 311 | D642: 10110 | E642: Arrowtooth flounder | F642: 0 | G642: 0 | H642: 0 | I642: 0 | J642: =VLOOKUP(C642,STRATA_MASTER!$B$2:$C$53,2,FALSE) -> CentralALU | K642: Arrowtooth flounder | L642: Apex predator
A643: AI | B643: 2024 | C643: 312 | D643: 10110 | E643: Arrowtooth flounder | F643: 575.4 | G643: 146348.18 | H643: 0 | I643: 1637.4 | J643: =VLOOKUP(C643,STRATA_MASTER!$B$2:$C$53,2,FALSE) -> CentralALU | K643: Arrowtooth flounder | L643: Apex predator
... A1218: AI | B1218: 1991 | C1218: 224 | D1218: 10110 | E1218: Arrowtooth flounder | F1218: 108.6 | G1218: 4437.7963 | H1218: 0 | I1218: 293.6 | J1218: =VLOOKUP(C1218,STRATA_MASTER!$B$2:$C$53,2,FALSE) -> WestALU | K1218: Arrowtooth flounder | L1218: Apex predator
A1219: AI | B1219: 1991 | C1219: 221 | D1219: 10110 | E1219: Arrowtooth flounder | F1219: 0 | J1219: =VLOOKUP(C1219,STRATA_MASTER!$B$2:$C$53,2,FALSE) -> WestALU | K1219: Arrowtooth flounder | L1219: Apex predator
A1220: AI | B1220: 1991 | C1220: 222 | D1220: 10110 | E1220: Arrowtooth flounder | F1220: 187.8 | G1220: 23073.894 | H1220: 0 | I1220: 538.1 | J1220: =VLOOKUP(C1220,STRATA_MASTER!$B$2:$C$53,2,FALSE) -> WestALU | K1220: Arrowtooth flounder | L1220: Apex predator
A1221: AI | B1221: 1991 | C1221: 211 | D1221: 10110 | E1221: Arrowtooth flounder | F1221: 667.2 | G1221: 108773.32 | H1221: 0 | I1221: 1582.8 | J1221: =VLOOKUP(C1221,STRATA_MASTER!$B$2:$C$53,2,FALSE) -> WestALU | K1221: Arrowtooth flounder | L1221: Apex predator
A1222: AI | B1222: 1991 | C1222: 212 | D1222: 10110 | E1222: Arrowtooth flounder | F1222: 2084.2 | G1222: 261585.78 | H1222: 1020.3 | I1222: 3148 | J1222: =VLOOKUP(C1222,STRATA_MASTER!$B$2:$C$53,2,FALSE) -> WestALU | K1222: Arrowtooth flounder | L1222: Apex predator
A1223: AI | B1223: 1991 | C1223: 213 | D1223: 10110 | E1223: Arrowtooth flounder | F1223: 428.5 | G1223: 120825.65 | H1223: 0 | I1223: 1924.2 | J1223: =VLOOKUP(C1223,STRATA_MASTER!$B$2:$C$53,2,FALSE) -> WestALU | K1223: Arrowtooth flounder | L1223: Apex predator
A1224: AI | B1224: 1991 | C1224: 214 | D1224: 10110 | E1224: Arrowtooth flounder | F1224: 177 | G1224: 10532.941 | H1224: 0 | I1224: 503.5 | J1224: =VLOOKUP(C1224,STRATA_MASTER!$B$2:$C$53,2,FALSE) -> WestALU | K1224: Arrowtooth flounder | L1224: Apex predator
A1225: AI | B1225: 1991 | C1225: 312 | D1225: 10110 | E1225: Arrowtooth flounder | F1225: 351.6 | G1225: 15662.283 | H1225: 83.1 | I1225: 620 | J1225: =VLOOKUP(C1225,STRATA_MASTER!$B$2:$C$53,2,FALSE) -> CentralALU | K1225: Arrowtooth flounder | L1225: Apex predator
A1226: AI | B1226: 1991 | C1226: 622 | D1226: 10110 | E1226: Arrowtooth flounder | F1226: 22.6 | G1226: 109.63158 | H1226: 0.3 | I1226: 44.9 | J1226: =VLOOKUP(C1226,STRATA_MASTER!$B$2:$C$53,2,FALSE) -> EastALU | K1226: Arrowtooth flounder | L1226: Apex predator
A1227: AI | B1227: 1991 | C1227: 313 | D1227: 10110 | E1227: Arrowtooth flounder | F1227: 16.2 | G1227: 179.05582 | H1227: 0 | I1227: 47.9 | J1227: =VLOOKUP(C1227,STRATA_MASTER!$B$2:$C$53,2,FALSE) -> CentralALU | K1227: Arrowtooth flounder | L1227: Apex predator
A1228: AI | B1228: 1991 | C1228: 421 | D1228: 10110 | E1228: Arrowtooth flounder | F1228: 7.4 | G1228: 55.213163 | H1228: 0 | I1228: 101.8 | J1228: =VLOOKUP(C1228,STRATA_MASTER!$B$2:$C$53,2,FALSE) -> CentralALU | K1228: Arrowtooth flounder | L1228: Apex predator
A1229: AI | B1229: 1991 | C1229: 623 | D1229: 10110 | E1229: Arrowtooth flounder | F1229: 1298.8 | G1229: 375082.44 | H1229: 0 | I1229: 2797.4 | J1229: =VLOOKUP(C1229,STRATA_MASTER!$B$2:$C$53,2,FALSE) -> EastALU | K1229: Arrowtooth flounder | L1229: Apex predator
A1230: AI | B1230: 1991 | C1230: 314 | D1230: 10110 | E1230: Arrowtooth flounder | F1230: 154.5 | G1230: 3092.9279 | H1230: 0.1 | I1230: 308.8 | J1230: =VLOOKUP(C1230,STRATA_MASTER!$B$2:$C$53,2,FALSE) -> CentralALU | K1230: Arrowtooth flounder | L1230: Apex predator
A1231: AI | B1231: 1991 | C1231: 422 | D1231: 10110 | E1231: Arrowtooth flounder | F1231: 509.8 | G1231: 62037.017 | H1231: 0 | I1231: 1073.2 | J1231: =VLOOKUP(C1231,STRATA_MASTER!$B$2:$C$53,2,FALSE) -> CentralALU | K1231: Arrowtooth flounder | L1231: Apex predator
... A1236: AI | B1236: 1991 | C1236: 712 | D1236: 10110 | E1236: Arrowtooth flounder | F1236: 729.2 | G1236: 379629.69 | H1236: 0 | I1236: 2150.1 | J1236: =VLOOKUP(C1236,STRATA_MASTER!$B$2:$C$53,2,FALSE) -> Aleutian Arm | K1236: Arrowtooth flounder | L1236: Apex predator
A1237: AI | B1237: 1991 | C1237: 424 | D1237: 10110 | E1237: Arrowtooth flounder | F1237: 0 | J1237: =VLOOKUP(C1237,STRATA_MASTER!$B$2:$C$53,2,FALSE) -> CentralALU | K1237: Arrowtooth flounder | L1237: Apex predator
A1238: AI | B1238: 1991 | C1238: 721 | D1238: 10110 | E1238: Arrowtooth flounder | F1238: 884.8 | G1238: 63921.642 | H1238: 363 | I1238: 1406.7 | J1238: =VLOOKUP(C1238,STRATA_MASTER!$B$2:$C$53,2,FALSE) -> Aleutian Arm | K1238: Arrowtooth flounder | L1238: Apex predator
A1239: AI | B1239: 1991 | C1239: 511 | D1239: 10110 | E1239: Arrowtooth flounder | F1239: 609.2 | G1239: 133697.42 | H1239: 0 | I1239: 1549.3 | J1239: =VLOOKUP(C1239,STRATA_MASTER!$B$2:$C$53,2,FALSE) -> EastALU | K1239: Arrowtooth flounder | L1239: Apex predator
A1240: AI | B1240: 1991 | C1240: 722 | D1240: 10110 | E1240: Arrowtooth flounder | F1240: 3673.1 | G1240: 2239993.3 | H1240: 287.6 | I1240: 7058.5 | J1240: =VLOOKUP(C1240,STRATA_MASTER!$B$2:$C$53,2,FALSE) -> Aleutian Arm | K1240: Arrowtooth flounder | L1240: Apex predator
A1241: AI | B1241: 1991 | C1241: 322 | D1241: 10110 | E1241: Arrowtooth flounder | F1241: 335 | G1241: 11563.071 | H1241: 87.1 | I1241: 583 | J1241: =VLOOKUP(C1241,STRATA_MASTER!$B$2:$C$53,2,FALSE) -> CentralALU | K1241: Arrowtooth flounder | L1241: Apex predator
A1242: AI | B1242: 1991 | C1242: 512 | D1242: 10110 | E1242: Arrowtooth flounder | F1242: 1024.7 | G1242: 43645.607 | H1242: 579.5 | I1242: 1469.9 | J1242: =VLOOKUP(C1242,STRATA_MASTER!$B$2:$C$53,2,FALSE) -> EastALU | K1242: Arrowtooth flounder | L1242: Apex predator
A1243: AI | B1243: 1991 | C1243: 513 | D1243: 10110 | E1243: Arrowtooth flounder | F1243: 0 | J1243: =VLOOKUP(C1243,STRATA_MASTER!$B$2:$C$53,2,FALSE) -> EastALU | K1243: Arrowtooth flounder | L1243: Apex predator
A1244: AI | B1244: 1991 | C1244: 793 | D1244: 10110 | E1244: Arrowtooth flounder | F1244: 780 | G1244: 247179.08 | H1244: 0 | I1244: 7097.1 | J1244: =VLOOKUP(C1244,STRATA_MASTER!$B$2:$C$53,2,FALSE) -> Aleutian Arm | K1244: Arrowtooth flounder | L1244: Apex predator
A1245: AI | B1245: 1991 | C1245: 521 | D1245: 10110 | E1245: Arrowtooth flounder | F1245: 1305.2 | G1245: 448968.45 | H1245: 0 | I1245: 3437.3 | J1245: =VLOOKUP(C1245,STRATA_MASTER!$B$2:$C$53,2,FALSE) -> EastALU | K1245: Arrowtooth flounder | L1245: Apex predator
A1246: AI | B1246: 1991 | C1246: 794 | D1246: 10110 | E1246: Arrowtooth flounder | F1246: 997 | G1246: 594302.12 | H1246: 0 | I1246: 3450.1 | J1246: =VLOOKUP(C1246,STRATA_MASTER!$B$2:$C$53,2,FALSE) -> Aleutian Arm | K1246: Arrowtooth flounder | L1246: Apex predator
A1247: AI | B1247: 1991 | C1247: 522 | D1247: 10110 | E1247: Arrowtooth flounder | F1247: 647.7 | G1247: 44996.052 | H1247: 202 | I1247: 1093.3 | J1247: =VLOOKUP(C1247,STRATA_MASTER!$B$2:$C$53,2,FALSE) -> EastALU | K1247: Arrowtooth flounder | L1247: Apex predator
A1248: AI | B1248: 1991 | C1248: 323 | D1248: 10110 | E1248: Arrowtooth flounder | F1248: 383.8 | G1248: 72191.286 | H1248: 0 | I1248: 1129.6 | J1248: =VLOOKUP(C1248,STRATA_MASTER!$B$2:$C$53,2,FALSE) -> CentralALU | K1248: Arrowtooth flounder | L1248: Apex predator
A1249: AI | B1249: 1991 | C1249: 523 | D1249: 10110 | E1249: Arrowtooth flounder | F1249: 601.1 | G1249: 97304.403 | H1249: 0 | I1249: 1270.2 | J1249: =VLOOKUP(C1249,STRATA_MASTER!$B$2:$C$53,2,FALSE) -> EastALU | K1249: Arrowtooth flounder | L1249: Apex predator
A1250: AI | B1250: 1991 | C1250: 324 | D1250: 10110 | E1250: Arrowtooth flounder | F1250: 930.2 | G1250: 316487.43 | H1250: 0 | I1250: 2720.3 | J1250: =VLOOKUP(C1250,STRATA_MASTER!$B$2:$C$53,2,FALSE) -> CentralALU | K1250: Arrowtooth flounder | L1250: Apex predator
A1251: AI | B1251: 1991 | C1251: 594 | D1251: 10110 | E1251: Arrowtooth flounder | F1251: 152.8 | G1251: 2811.5458 | H1251: 38.2 | I1251: 267.3 | J1251: =VLOOKUP(C1251,STRATA_MASTER!$B$2:$C$53,2,FALSE) -> EastALU | K1251: Arrowtooth flounder | L1251: Apex predator
A1252: AI | B1252: 1991 | C1252: 611 | D1252: 10110 | E1252: Arrowtooth flounder | F1252: 9.3 | G1252: 86.677945 | H1252: 0 | I1252: 127.6 | J1252: =VLOOKUP(C1252,STRATA_MASTER!$B$2:$C$53,2,FALSE) -> EastALU | K1252: Arrowtooth flounder | L1252: Apex predator
A1253: AI | B1253: 1991 | C1253: 411 | D1253: 10110 | E1253: Arrowtooth flounder | F1253: 0 | J1253: =VLOOKUP(C1253,STRATA_MASTER!$B$2:$C$53,2,FALSE) -> CentralALU | K1253: Arrowtooth flounder | L1253: Apex predator
A1254: AI | B1254: 1991 | C1254: 612 | D1254: 10110 | E1254: Arrowtooth flounder | F1254: 747.5 | G1254: 36198.845 | H1254: 339.4 | I1254: 1155.6 | J1254: =VLOOKUP(C1254,STRATA_MASTER!$B$2:$C$53,2,FALSE) -> EastALU | K1254: Arrowtooth flounder | L1254: Apex predator
A1255: AI | B1255: 1991 | C1255: 412 | D1255: 10110 | E1255: Arrowtooth flounder | F1255: 147.7 | G1255: 3552.2695 | H1255: 12.8 | I1255: 282.5 | J1255: =VLOOKUP(C1255,STRATA_MASTER!$B$2:$C$53,2,FALSE) -> CentralALU | K1255: Arrowtooth flounder | L1255: Apex predator
A1256: AI | B1256: 1991 | C1256: 613 | D1256: 10110 | E1256: Arrowtooth flounder | F1256: 66.5 | G1256: 547.45373 | H1256: 1.6 | I1256: 131.5 | J1256: =VLOOKUP(C1256,STRATA_MASTER!$B$2:$C$53,2,FALSE) -> EastALU | K1256: Arrowtooth flounder | L1256: Apex predator
...

Sheet guilds
A1: Code | B1: Taxa | C1: Group | D1: Guild
A2: 400 | B2: Rajidae | C2: Other skates | D2: Apex predator
A3: 405 | B3: Bathyraja sp. | C3: Other skates | D3: Apex predator
A4: 420 | B4: Raja binoculata | C4: Other skates | D4: Apex predator
A5: 435 | B5: Bathyraja interrupta | C5: Other skates | D5: Apex predator
A6: 440 | B6: Raja rhina | C6: Other skates | D6: Apex predator
A7: 455 | B7: Bathyraja taranetzi | C7: Other skates | D7: Apex predator
A8: 460 | B8: Bathyraja trachura | C8: Other skates | D8: Apex predator
A9: 471 | B9: Bathyraja parmifera | C9: AK Skate | D9: Apex predator
A10: 472 | B10: Bathyraja aleutica | C10: Other skates | D10: Apex predator
A11: 480 | B11: Bathyraja maculata | C11: Other skates | D11: Apex predator
A12: 485 | B12: Bathyraja minispinosa | C12: Other skates | D12: Apex predator
A13: 10110 | B13: Atheresthes stomias | C13: Arrowtooth flounder | D13: Apex predator
... A24: 21921 | B24: Pleurogrammus monopterygius | C24: Atka mackerel | D24: Pelagic forager
A25: 30050 | B25: 0 | C25: Rougheye/ Blackspotted Rockfish | D25: Apex predator
A26: 30051 | B26: Sebastes aleutianus | C26: Rougheye/ Blackspotted Rockfish | D26: Apex predator
A27: 30052 | B27: Sebastes melanostictus | C27: Rougheye/ Blackspotted Rockfish | D27: Apex predator
A28: 30060 | B28: Sebastes alutus | C28: Pacific ocean perch | D28: Pelagic forager
A29: 30420 | B29: Sebastes polyspinis | C29: Northern Rockfish | D29: Pelagic forager

Sheet STRATA_MASTER
A1: Ecoystem | B1: strata | C1: LocalandPLPool | D1: PPDietWeightPool | E1: Area | F1: min depth | G1: max depth | H1: Description
A2: ALU | B2: 0 | C2: NA | D2: NA | E2: 1 | F2: 0 | G2: 0 | H2: NA
A3: ALU | B3: 7 | C3: NA | D3: NA | E3: 1 | F3: 0 | G3: 0 | H3: NA
A4: ALU | B4: 211 | C4: WestALU | D4: WestALUShallow | E4: 3696.321 | F4: 0 | G4: 100 | H4: Stalemate bank & Attu I
A5: ALU | B5: 212 | C5: WestALU | D5: WestALUMiddle | E5: 4065.172 | F5: 100 | G5: 200 | H5: Stalemate bank & Attu I
A6: ALU | B6: 213 | C6: WestALU | D6: WestALUDeep | E6: 940.226 | F6: 200 | G6: 300 | H6: Stalemate bank & Attu I
A7: ALU | B7: 214 | C7: WestALU | D7: WestALUDeep | E7: 1711.084 | F7: 300 | G7: 500 | H7: Stalemate bank & Attu I
A8: ALU | B8: 221 | C8: WestALU | D8: WestALUShallow | E8: 1183.328 | F8: 0 | G8: 100 | H8: Buldir I.
A9: ALU | B9: 222 | C9: WestALU | D9: WestALUMiddle | E9: 1252.459 | F9: 100 | G9: 200 | H9: Buldir I.
A10: ALU | B10: 223 | C10: WestALU | D10: WestALUDeep | E10: 783.403 | F10: 200 | G10: 300 | H10: Buldir I.
A11: ALU | B11: 224 | C11: WestALU | D11: WestALUDeep | E11: 1561.386 | F11: 300 | G11: 500 | H11: Buldir I.
A12: ALU | B12: 311 | C12: CentralALU | D12: CentALUShallow | E12: 960.023 | F12: 0 | G12: 100 | H12: Petrel Bank
A13: ALU | B13: 312 | C13: CentralALU | D13: CentALUMiddle | E13: 1735.544 | F13: 100 | G13: 200 | H13: Petrel Bank
... A53: EBS | B53: 794 | C53: Aleutian Arm | D53: ALU 700 Deep | E53: 1043.168 | F53: 301 | G53: 500 | H53: North portion of both Umnak I. & Unalaska I.
